Tunnus;Nimi;Jakeluosoite;Postinumero;Postitoimipaikka;Huoneala (hum²);Bruttoala (brm²);Tilavuus (rm³);Kerrosala (m²);Rakennusvuosi;Peruskorjausvuosi;Kerrosten lkm;Kellarikerrosten lkm;Ullakkokerrosten lkm
600101;Kaupungintalo;Kirkkokatu 2 ;90100;OULU;5 279;6 925;25 500;5 359;1887;2010;3;1;0
600201;Torikatu 10 B;Torikatu 10 B;90100;OULU;882;1 018;3 751;819;1988;2008;2;1;0
600301;Pehkolanlampi, päärakennus;Peräkyläntie 225;90660;OULU;432;411;1 480;411;1974;2011;1;0;0
600302;Pehkolanlampi, talonmiehen as.;Peräkyläntie  219;90660;OULU;82;97;290;97;1980;0;1;0;0
600303;Pehkolanlampi, pikkusauna;Peräkyläntie 225;90660;OULU;29;36;108;36;1974;1996;1;0;0
600304;Pehkolanlampi, isosauna;Peräkyläntie 225;90660;OULU;83;96;422;96;1979;1996;1;0;0
600305;Pehkolanlampi, varasto;Peräkyläntie 225;90660;OULU;25;31;108;31;1982;0;1;0;0
600308;Pehkolanlampi, talonmiehen as. varasto;Peräkyläntie 219;90660;OULU;8;9;21;9;1980;0;1;0;0
600309;Pehkolanlampi, savusauna;Peräkyläntie 225;90660;OULU;15;0;0;0;2013;0;0;0;0
600401;Arkistokeskus;Kansankatu 55;90100;OULU;2 324;2 778;8 200;2 144;1951;2002;0;0;0
600501;Tutkimuslaitos, Kontinkangas;Kiviharjunlenkki 2;90220;OULU;2 574;2 321;12 180;2 321;2002;0;3;1;0
600701;Oulu10;Torikatu 10 A;90100;OULU;5 378;5 964;25 215;4 332;2008;0;4;2;0
600801;Ympäristötalo ;Solistinkatu 2;90100;OULU;10 375;11 478;48 318;7 071;2011;0;1;0;0
600901;Öljyntorjuntavarasto;Tervahovintie  16;90520;OULU;485;545;3 160;545;1996;0;1;0;0
600903;Öljyntorjuntavarasto, vinssikoppi;Tervahovintie 16;90520;OULU;6;6;16;6;1996;0;0;0;0
601101;Keskuspaloasema;Pikkukankaantie 2;90130;OULU;9 738;10 689;41 800;6 328;1982;0;3;1;0
601301;Ruskonselän paloasema;Tapsitie 4 B;90620;OULU;1 269;1 425;5 019;1 668;2013;0;2;0;0
601302;Ruskonselän paloasema, varasto;Tapsitie 4 B;90620;OULU;216;225;1 414;0;2013;0;1;0;0
602001;Kontinkankaan sairaala, A- ja G-siipi;Kajaanintie 46;90220;OULU;11 859;13 463;49 529;11 045;1939;0;5;1;0
602002;Kontinkankaan sairaala, D-rakennus (lamellitalo);Kajaanintie 48 A, B;90220;OULU;3 216;4 134;12 138;3 612;1939;1981;4;1;0
602003;Kontinkankaan sairaala, B-talo;Kajaanintie 46, 48;90220;OULU;0;0;0;0;0;0;0;0;0
602006;Kontinkankaan sairaala, C-rakennus;Kajaanintie 46;90220;OULU;132;181;790;181;1939;0;1;0;0
602101;Kaupunginsairaala;Kiviharjuntie 5 A;90220;OULU;11 122;12 600;52 079;10 790;2002;0;3;1;1
602102;Kaupunginsairaala, 2. vaihe;Kiviharjuntie 5 A;90220;OULU;4 559;5 137;21 426;4 600;2004;0;4;1;0
602201;Pysäköintitalo, kaupunginsairaala;Kiviharjuntie 5 D;90220;OULU;7 130;7 305;23 743;7 250;2002;0;3;0;1
602401;Rajakylän hoiva;Ruiskukkatie 2;90580;OULU;5 814;6 861;27 507;6 025;2011;0;4;0;1
602501;Savotta-aukion päiväkoti;Neitsytkorventie 20;90420;OULU;1 958;2 227;10 602;2 024;2012;0;2;0;0
602502;Savotta-aukion päiväkoti, varasto 1;Neitsytkorventie 20;90420;OULU;19;20;62;0;2012;0;0;0;0
602503;Savotta-aukion päiväkoti, varasto 2;Neitsytkorventie 20;90420;OULU;6;7;20;0;2012;0;0;0;0
602504;Savotta-aukion päiväkoti, varasto 3;Neitsytkorventie 20;90420;OULU;4;5;13;0;2012;0;0;0;0
602601;Kastellin monitoimitalo;Sairaalanrinne 5;90220;OULU;22 364;24 632;136 140;24 632;2014;0;2;0;1
603003;Tuiran sairaala, varasto ;Tuirantie 3;90500;OULU;28;33;100;33;1920;0;1;0;0
603004;Tuiran sairaala, varasto ;Tuirantie 3;90500;OULU;36;41;193;41;1920;0;1;0;0
603018;Tuiran sairaala, keittiön varasto ;Tuirantie 3;90500;OULU;0;102;400;102;1920;0;1;0;0
603019;Tuiran sairaala, entinen keittiö ;Tuirantie 3;90500;OULU;309;440;1 315;305;1920;0;1;0;0
603020;Tuiran sairaala-alue, entinen röntgen ja toimisto ;Tuirantie 3;90500;OULU;262;239;946;239;1920;0;1;0;0
603021;Tuiran sairaala, varasto ;Tuirantie 3;90500;OULU;30;36;110;36;1920;0;1;0;0
603022;Tuiran sairaala, varasto ;Tuirantie 3;90500;OULU;0;90;270;90;1920;0;1;0;0
603025;Tuiran sairaala, varasto autot ;Tuirantie 3;90500;OULU;15;35;90;35;1920;0;1;0;0
603027;Tuiran sairaala-alue, muuntamo ;Tuirantie 3;90500;OULU;0;9;27;9;1920;0;1;0;0
603028;Tuiran sairaala, jääkellari ;Tuirantie 3;90500;OULU;16;4;12;0;1920;0;0;1;0
603126;Kriisikeskus;Tuirantie 1;90500;OULU;247;324;1 183;324;1909;1988;0;0;0
603201;Tuiran mielenterveyskeskus, Tuirantie 7;Tuirantie 7;90500;OULU;1 534;2 007;6 310;1 745;1925;2002;2;1;0
603301;Tuirantie 5 (Hermola);Tuirantie 5;90500;OULU;701;812;3 466;708;1920;2002;2;1;0
603406;Vammaisten asumispalveluyksikkö, varasto;Kangaspolku 2;90500;OULU;87;89;380;89;1920;2004;1;0;0
603407;Vammaisten asumispalveluyksikkö, Schjerfbeck-koti;Kangaspolku 2;90500;OULU;415;493;2 200;472;1920;2004;1;0;0
603408;Vammaisten asumispalveluyksikkö, asuntola Weikonkoti;Kangaspolku 2;90500;OULU;360;438;1 650;438;1920;2004;2;0;0
604001;Tuirankartano;Kangastie 16;90500;OULU;7 049;8 350;30 300;7 240;1998;0;4;1;0
604101;Tuirankartano, pysäköintitalo;Kangastie 14;90500;OULU;3 513;3 643;13 650;3 643;1997;0;3;0;0
605001;Keskustan terveysasema;Kansankatu 42;90100;OULU;4 288;4 903;19 173;5 303;1933;1980;3;1;0
605101;Tuiran terveysasema;Kangastie 12;90500;OULU;2 506;2 902;10 964;2 641;1984;0;2;1;0
605201;Rajakylän terveysasema;Ruiskukkatie 4;90580;OULU;1 365;1 574;5 651;1 506;1978;1999;1;0;0
605301;Kaakkurin terveysasema;Pesätie 11;90420;OULU;1 801;2 081;9 038;2 081;2007;0;2;0;0
606001;Koskelan kirjasto ja neuvola;Tullimiehentie 4;90560;OULU;702;763;2 438;763;1972;1987;2;0;0
606101;Pateniemen PAV-tukiasunnot;Pyssysepäntie 2;90800;OULU;500;517;1 467;346;1956;2012;2;1;0
606501;Myllyojan terveysasema;Karvarinaukio 16;90650;OULU;1 538;1 765;6 064;1 654;1979;2003;1;0;0
607703;Höyhtyän terveysasema;Hanhitie 15;90150;OULU;2 208;1 932;8 643;1 932;1990;2006;1;1;0
607801;Saarelan monitoimitalo;Poolakuja 1;90650;OULU;1 604;1 873;7 896;1 873;2001;0;0;0;0
607901;Koskelan päiväkoti;Tuulaakitie 3;90560;OULU;1 003;1 115;4 250;1 115;2001;0;1;0;0
607902;Koskelan päiväkoti, varasto;Tuulaakitie 3;90560;OULU;14;15;40;15;1987;0;0;0;0
608001;Oulunlahden päiväkoti ja koulu;Santerinkuja 4;90410;OULU;1 372;1 562;6 500;1 545;1998;2012;1;0;0
608002;Oulunlahden päiväkoti ja koulu, varasto;Santerinkuja 4;90410;OULU;31;37;113;37;1998;0;0;0;0
608101;Riekonmarjan päiväkoti;Hillatie 1;90800;OULU;723;826;2 700;826;1996;0;1;0;0
608201;Mäntyrinteen päiväkoti;Tuomolantie 5;90240;OULU;713;776;2 680;776;1992;0;1;0;0
608202;Mäntyrinteen päiväkoti, varasto;Tuomolantie 5;90240;OULU;24;30;95;30;1992;0;1;0;0
608317;Lassin päiväkoti;Koskitie 23;90500;OULU;691;620;2 664;595;1898;2000;0;0;0
608318;Lassin päiväkoti, leikkimökki;Koskitie 23;90500;OULU;5;0;0;0;0;0;0;0;0
608319;Lassin päiväkoti, kiinteistövarasto/lastenvaunuvarasto;Koskitie 23;90500;OULU;12;0;0;0;0;0;0;0;0
608320;Lassin päiväkoti, jätekatos;Koskitie 23;90500;OULU;13;0;0;0;0;0;0;0;0
608401;Värtön päiväkoti;Kurkelantie 9;90230;OULU;1 603;1 789;7 703;1 656;2003;0;1;0;1
608402;Värtön päiväkoti, kellari;Kurkelantie 9;90230;OULU;0;0;0;0;0;0;0;0;0
608501;Korvensuoran päiväkoti;Koivikkotie 6;90630;OULU;808;939;3 200;939;1991;0;1;0;0
608502;Korvensuoran päiväkoti, varasto;Koivikkotie 6;90630;OULU;63;74;185;74;1991;0;1;0;0
608601;Sarasuon päiväkoti;Sarasuontie 5;90410;OULU;1 049;1 229;4 076;1 229;1991;2009;1;0;0
608602;Sarasuon päiväkoti, varasto;Sarasuontie 5;90410;OULU;25;29;69;29;1991;0;1;0;0
608702;Ainolan päiväkoti;Koulukatu 1;90100;OULU;1 033;1 053;3 350;1 053;1990;0;2;0;0
608703;Ainolan päiväkoti, varasto;Koulukatu 1;90100;OULU;16;23;52;23;1990;0;1;0;0
608704;Ainolan päiväkoti, jätevarasto;Koulukatu 1;90100;OULU;9;11;24;11;1990;0;1;0;0
608801;Taskilan päiväkoti;Kummelitie 16;90520;OULU;415;471;1 600;471;1990;0;1;0;0
608802;Taskilan päiväkoti, varasto;Kummelitie 16;90520;OULU;15;17;40;17;1990;0;1;0;0
608901;Ahvenojan päiväkoti;Ratsastajantie 3;90540;OULU;617;726;2 600;726;1990;0;1;0;0
608902;Ahvenojan päiväkoti, varasto;Ratsastajantie 3;90540;OULU;8;9;23;9;1990;0;1;0;0
609001;Allinpuiston päiväkoti;Allitie 3;90150;OULU;1 384;1 580;4 771;1 701;1963;1987;2;1;0
609201;Hintan päiväkoti, päärakennus;Valjastie 17;90650;OULU;906;981;2 969;981;1968;2006;1;0;0
609202;Hintan ryhmäperhepäiväkoti Manteli ;Valjastie 17;90650;OULU;202;220;699;220;1968;2006;1;0;0
609203;Hintan hammashuoltola;Valjastie 17;90650;OULU;242;273;815;273;1968;2007;1;0;0
609301;Kastellin päiväkoti;Raharinnantie 32;90230;OULU;593;640;2 433;561;1919;2005;2;1;0
609302;Kastellin päiväkoti, asunto;Raharinnantie 32;90230;OULU;57;80;258;80;1919;1978;1;0;0
609303;Kastellin päiväkoti, varasto;Raharinnantie 32;90230;OULU;37;37;76;37;1919;0;1;0;0
609304;Kastellin päiväkoti, kellari;Raharinnantie 32;90230;OULU;14;14;30;14;1919;0;0;1;0
609501;Merikosken päiväkoti;Kytkintie 5 (ent. Kytkintie 1);90500;OULU;1 256;1 355;4 140;1 227;1971;2004;1;1;0
609502;Merikosken päiväkoti, leikkivälinevarasto;Kytkintie 5 (ent. Kytkintie 1);90500;OULU;16;18;58;18;1980;0;1;0;0
609503;Merikosken päiväkoti, pihavarasto jätekatoksen yhteydessä;Kytkintie 5 (ent. Kytkintie 1);90500;OULU;4;0;0;0;2004;0;0;0;0
609601;Rajakylän päiväkoti;Ruiskukkatie  1;90580;OULU;961;1 024;3 514;1 024;1978;2006;1;0;0
609801;Kangaspuiston päiväkoti;Valtatie  35;90500;OULU;724;826;2 940;826;1981;0;1;0;0
609802;Kangaspuiston päiväkoti, piharakennus / varasto;Valtatie 35;90500;OULU;15;16;40;16;2006;0;1;0;0
609901;Myllyojan päiväkoti;Karvarinaukio 16;90650;OULU;959;1 101;3 880;1 031;1979;0;1;0;0
609902;Myllyojan päiväkoti, varastot;Karvarinaukio 16;90650;OULU;13;0;0;0;1979;0;0;0;0
610001;Puolivälinkankaan päiväkoti ja nuorisotilat;Mielikintie 7;90550;OULU;1 506;1 704;6 335;1 618;1979;0;1;1;0
610101;Kaukovainion päiväkoti ja nuorisotalo;Hiirihaukantie 12;90250;OULU;1 091;1 248;4 269;1 244;1980;0;1;0;0
610201;Simpsin päiväkoti;Purjehtijantie 12;90560;OULU;1 043;1 119;4 042;1 119;1981;2008;1;0;0
610202;Simpsin päiväkoti, ulkoiluvälinevarasto;Purjehtijantie 12;90560;OULU;15;0;0;0;1981;2008;0;0;0
610302;Sampolan päiväkoti;Kullervontie 5;90570;OULU;913;1 047;3 440;987;1981;2004;1;0;0
610401;Vihreän talon avoin päiväkoti, Hollihaka;Uusikatu 27;90100;OULU;317;355;1 391;355;1910;1982;1;0;0
610501;Haapalehdon päiväkoti;Manttaalitie 6;90650;OULU;1 300;1 441;5 151;1 441;1982;2007;1;0;0
610502;Willamiina;Manttaalitie 6;90650;OULU;372;455;1 507;455;1982;0;1;0;0
610503;Haapalehdon päiväkoti, varasto;Manttalitie 6;90650;OULU;36;41;120;41;1982;0;1;0;0
610601;Kalliolan päiväkoti;Valtatie 69;90500;OULU;775;929;3 572;915;1982;2012;2;0;0
610602;Kalliolan päiväkoti, jätehuoltotila;Valtatie 69;90500;OULU;0;0;0;0;1982;2012;0;0;0
610701;Herukan päiväkoti;Taskisentie 7;90800;OULU;737;875;3 077;845;1983;2011;1;0;0
610702;Herukan päiväkoti, varastot;Taskisentie 7;90800;OULU;14;0;0;0;1983;0;0;0;0
610801;Mäntylä-Snellman päiväkoti;Joulumerkintie 2;90150;OULU;1 567;1 797;6 877;2 082;1935;0;3;1;0
610804;Mäntylän päiväkoti, talli;Joulumerkintie 2;90150;OULU;109;122;364;122;1985;0;1;0;0
610805;Mäntylän päiväkoti, varasto/kellari;Joulumerkintie 2;90150;OULU;69;77;259;143;1935;0;0;1;0
610806;Mäntylän päiväkoti, varasto;Joulumerkintie 2;90150;OULU;41;43;150;46;1985;0;1;0;0
610807;Mäntylän päiväkoti, varasto;Joulumerkintie 2;90150;OULU;103;113;294;121;1935;0;1;0;0
610810;Mäntylän päiväkoti;Snellmanintie  2;90150;OULU;631;726;2 228;660;1956;2007;2;1;0
610901;Pöllökankaan päiväkoti;Kuovitie 9;90540;OULU;852;965;3 115;965;1984;0;2;0;0
610902;Pöllökankaan päiväkoti, varasto;Kuovitie 9;90540;OULU;61;68;170;68;1984;0;1;0;0
611001;Kaijonharjun päiväkoti Kanerva;Kalevalantie 11;90570;OULU;733;829;2 741;829;1984;2009;1;0;0
611002;Kaijonharjun päiväkoti Kanerva, varasto-jätekatos;Kalevalantie 11;90570;OULU;21;24;91;0;2009;0;1;0;0
611003;Kaijonharjun päiväkoti Kanerva, leikkivälinevarasto;Kalevalantie 11;90570;;10;11;44;11;2009;0;1;0;0
611101;Pateniemen päiväkoti;Temmitie 8;90800;OULU;646;738;2 611;738;1985;0;1;0;0
611102;Pateniemen päiväkoti, varasto;Temmitie 8;90800;OULU;11;14;38;14;1985;0;1;0;0
611231;Kisakentän päiväkoti;Koskitie 9;90500;OULU;1 211;1 396;4 446;1 396;1986;1998;1;0;0
611290;Kisakentän päiväkoti, jätevarasto;Koskitie 9;90500;OULU;19;22;59;22;1986;0;1;0;0
611291;Kisakentän päiväkoti, varasto;Koskitie 9;90500;OULU;6;8;21;8;1986;0;1;0;0
611301;Kuivasjärven päiväkoti;Karppalantie 2;90540;OULU;802;894;3 235;894;1985;0;1;0;0
611302;Kuivasjärven päiväkoti, varasto;Karppalantie 2;90540;OULU;15;17;41;17;1985;0;1;0;0
611601;Pikku-Iikan päiväkoti;Pikku-Iikan katu 4;90120;OULU;781;899;3 130;899;1988;0;1;0;0
611801;Kangaskontion päiväkoti;Kangaskontiontie 15;90240;OULU;853;958;3 420;958;1988;0;1;0;0
611802;Kangaskontion päiväkoti, varastot;Kangaskontiontie 15;90240;OULU;16;18;45;18;1988;0;1;0;0
611901;Syynimaan päiväkoti;Taidonkaari 2;90570;OULU;750;828;2 839;828;1989;0;1;0;0
611902;Syynimaan päiväkoti, varasto-jätekatos;Taidonkaari 2;90570;OULU;14;0;0;0;0;0;0;0;0
612001;Lintulammen palvelukoti;Sorsatie 29;90150;OULU;799;945;2 802;945;1967;1996;2;1;0
612101;Piparkakkutalo;Hupisaaret;90100;OULU;72;84;264;0;2012;0;0;0;0
612201;Piilikujan ryhmäperhepäiväkoti;Nuolikuja 4;90410;OULU;129;151;450;151;1992;0;1;0;0
612202;Piilikujan ryhmäperhepäiväkoti, autotalli;Nuolikuja 4;90410;OULU;51;59;187;59;1992;0;1;0;0
612401;Kontinkankaan työkeskus;Kiviharjunlenkki 5;90230;OULU;1 215;1 516;4 548;1 516;1958;1987;2;1;0
612501;Kenttätien palvelukeskus;Nahkatehtaankatu 7;90130;OULU;1 197;1 504;5 330;1 504;1930;1997;2;1;0
612601;Lehtorannan toimintakeskus;Koskitie 43;90500;OULU;758;889;2 871;889;1981;0;1;0;0
612602;Lehtorannan toimintakeskus 2;Koskitie 43;90500;OULU;479;506;1 500;299;1950;2004;2;1;0
612701;Kuukkelin päiväkoti;Hippiäiskuja 3;90420;OULU;1 238;1 375;4 995;1 233;2006;0;0;0;0
612702;Kuukkelin päiväkoti, pihavarasto 1;Hippiäiskuja 3;90420;OULU;14;15;38;15;2007;0;0;0;0
612703;Kuukkelin päiväkoti, pihavarastot 2;Hippiäiskuja 3;90420;OULU;20;21;54;0;2007;0;0;0;0
612704;Kuukkelin päiväkoti, leikkimökki-varasto;Hippiäiskuja 3;90420;OULU;4;4;44;0;2007;0;0;0;0
612801;Kuivasrannan päiväkoti;Kuivasrannantie 6;90540;OULU;1 783;1 949;8 000;1 803;2006;0;1;0;0
612802;Kuivasrannan päiväkoti, leikkipihan varasto;Kuivasrannantie 6;90540;OULU;20;0;65;26;2006;0;1;0;0
613105;Päihdeklinikka (Kiviharju);Kiviharjuntie 5 ;90220;OULU;1 136;1 316;4 134;1 244;1978;0;0;0;0
613201;Allimaria, mielenterveyspotilaiden asumispalveluyksikkö;Allitie 1;90150;OULU;1 452;1 687;5 219;1 076;1958;1991;3;1;0
614001;Hiirosenkoti, F-talo;Merikotkantie 5;90250;OULU;526;700;2 130;413;1957;1999;2;1;0
614002;Hiirosenkoti;Merikotkantie 5;90250;OULU;12 878;14 912;51 216;11 518;1954;2012;3;1;0
614003;Merikotkan päiväkoti, G-talo;Merikotkantie 5;90250;OULU;1 319;1 464;4 236;1 141;1956;2008;3;1;0
614101;Lintulan päiväkoti;Kihokkitie 3;90150;OULU;723;886;2 950;886;1989;2008;1;0;0
614102;Lintulan päiväkoti, varastot;Kihokkitie 3;90150;OULU;14;0;0;0;1989;0;0;0;0
614201;Pyykösjärven päiväkoti;Järvenkorventie 6;90550;OULU;641;742;2 704;666;1989;0;1;0;0
614501;Intiön hoivakoti;Upseerinkatu 2;90130;OULU;4 488;5 153;20 700;4 953;2005;0;4;0;0
614601;Timosen huoltokoti, päärakennus;Timosenkoskentie 70;90630;OULU;438;501;1 626;414;1920;2010;2;0;0
614604;Timosen huoltokoti, asuntola 2;Timosenkoskentie 70;90630;OULU;40;54;153;54;1920;2010;1;0;0
614605;Timosen huoltokoti, piharakennus ;Timosenkoskentie 70;90630;OULU;194;219;692;219;1920;1984;1;0;0
614607;Timosen huoltokoti, sauna;Timosenkoskentie 70;90630;OULU;80;114;318;114;1920;1984;2;0;0
614609;Timosen huoltokoti, asuntola 1;Timosenkoskentie 70;90630;OULU;195;222;723;222;1985;2010;1;0;0
614610;Timosen huoltokoti, huoltorakennus;Timosenkoskentie 70;90630;OULU;146;171;518;171;1985;0;1;0;0
615001;Lassintalon vanhainkoti;Myllytie 4;90500;OULU;3 465;4 230;13 500;4 230;1975;2003;4;1;0
615101;Kirkkotorin koulutuskeskus;Asemakatu 5;90100;OULU;479;528;2 640;508;1859;2007;1;1;0
615501;Tukiasuntola, Rehulantie 7;Rehulantie  7;90140;OULU;495;624;1 951;442;1955;2008;1;0;0
616201;Lastenkoti Onnela;Onnelantie 6;90230;OULU;695;828;2 717;828;1968;2011;1;0;0
616301;Metsolan lastenkoti;Hämäläntie 15;90800;OULU;964;1 105;4 600;1 105;2006;0;1;0;0
616401;Nappi;Hallituskatu 5;90100;OULU;431;490;1 798;350;1884;1999;0;0;0
616501;Byströmin talo;Hallituskatu 5 A / Aleksanterinkatu 7;90100;OULU;1 997;2 256;8 020;1 592;1898;2007;2;0;0
617301;Kasarmi H10 Kuntotalo;Upseerinkatu 4;90130;OULU;1 218;1 326;7 820;1 332;1997;2003;0;0;0
617401;Pop-jazz -tilat (Kasarmi H11, päällystökerho);Upseerinkatu 8;90130;OULU;453;535;2 140;535;1881;2010;0;0;0
618001;Heinäpään urheilupuisto, huoltorakennus;Nuottasaarentie 12;90120;OULU;434;511;1 822;511;1981;0;1;0;0
618101;Niittyaron urheilualue, huoltorakennus;Kaarnatie;90560;OULU;165;184;543;184;1983;0;1;0;0
618102;Niittyaron urheilualue, traktoritalli;Kaarnatie;90560;OULU;24;28;87;28;1983;0;1;0;0
618201;Pateniemen urheilualue, huoltorakennus;Sahanhoitajantie;90800;OULU;246;280;1 010;280;1995;0;1;0;0
618301;Lintulan urheilupuisto, huoltorakennus;Kaislakuja;90150;OULU;209;244;873;244;1987;0;1;0;0
618603;Iinatin moottoriurheilukeskus, vaakahuone;Iinatintie 160;90420;OULU;0;29;60;29;1986;0;1;0;0
618701;Linnanmaan liikuntahalli;Virkakatu 1;90570;OULU;3 052;3 301;26 500;3 301;1992;0;2;0;0
618801;Pesäpallostadion;Raksilan urheilualue;90130;OULU;836;1 142;3 300;1 142;1997;0;2;0;0
618901;Maikkulan urheilualue, huoltorakennus;Niemirannantie 9;90240;OULU;266;290;947;290;1997;0;1;0;0
619001;Linnanmaan harjoitusjäähalli;Kauppalinnankatu 6;90570;OULU;5 129;5 341;39 300;5 341;2000;0;0;0;0
619201;Heinäpään palloiluhalli;Nuottasaarentie 12;90400;OULU;8 862;9 096;151 800;8 730;2007;0;1;0;0
619401;Hovinsuon urheilupuiston huoltorakennus;Hintankuja 3;90650;OULU;140;200;736;200;2005;0;1;0;0
619501;Kaakkurin urheilualueen huoltorakennus;Kaakonpojankuja;90420;OULU;193;227;845;227;2011;0;1;0;0
620001;Heinätorin erityiskoulu, päärakennus, A-rakennus;Torikatu 45;90120;OULU;993;1 227;6 017;1 227;1876;1981;2;0;0
620002;Heinätorin erityiskoulu, E-rakennus;Torikatu 45;90120;OULU;115;143;472;143;1876;1981;1;0;0
620003;Heinätorin erityiskoulu, B-rakennus;Torikatu 45;90120;OULU;112;151;651;151;1872;1981;1;0;0
620004;Heinätorin erityiskoulu, lisärakennus;Torikatu 45;90120;OULU;631;723;3 916;723;1985;0;2;0;0
620005;Heinätorin erityiskoulu, C-rakennus (tekniset tilat);Torikatu 45;90120;OULU;35;48;145;48;1920;0;1;0;0
620006;Heinätorin erityiskoulu, varasto, D-rakennus;Torikatu 45;90120;OULU;42;48;298;48;1920;1981;1;0;0
620101;Kajaanintullin koulu;Asemakatu 35;90100;OULU;497;519;2 894;519;1893;2000;1;0;0
620102;Kajaanintullin koulu, veisto;Asemakatu 35;90100;OULU;315;306;1 530;306;1830;2000;1;0;0
620106;Kajaanintullin koulu, lisärakennus;Asemakatu 35;90100;OULU;637;737;2 744;737;2000;0;0;0;0
620201;Knuutilankankaan koulu ja päiväkoti;Knuutilankankaantie 10;90230;OULU;2 770;3 122;11 990;3 000;1987;2008;2;1;0
620301;Maikkulan alakoulu;Maikkulanraitti 11;90240;OULU;3 039;3 402;13 801;3 356;1989;0;2;0;0
620302;Maikkulan alakoulu, jätekatos;Maikkulanraitti 11;90240;OULU;27;29;82;0;2012;0;0;0;0
620404;Maikkulan yläkoulu;Jatulikivenkatu 3;90240;OULU;3 812;4 235;19 059;4 167;1991;0;2;0;0
620405;Maikkulan yläkoulu, varasto/jätekatos;Jatulikivenkatu 3;90240;OULU;0;0;0;0;2012;0;0;0;0
620501;Oulunlahden koulu;Fiskarintie 2;90410;OULU;1 977;2 165;9 376;2 165;1950;2010;1;1;0
620503;Oulunlahden koulu (ent. asuntola);Fiskarintie 2;90410;OULU;383;456;1 338;304;1950;1978;2;1;0
620601;Kuivasojan koulu, B-rakennus;Pateniementie 2;90800;OULU;404;481;1 671;409;1920;1991;2;1;0
620602;Kuivasojan koulu, A-rakennus;Pateniementie 2;90800;OULU;229;258;1 129;258;1910;1991;1;0;0
620604;Kuivasojan koulu, liikuntasali;Pateniementie 2;90800;OULU;428;471;2 280;415;2001;0;0;0;0
620605;Kuivasojan koulu, ulkovarasto;Pateniementie 2;90800;OULU;24;31;95;31;1992;0;1;0;0
620701;Hintan koulu;Valjastie 19;90650;OULU;4 570;5 118;21 571;5 323;1957;2003;4;1;0
620801;Kaukovainion yhtenäiskoulu ja kirjasto;Hiirihaukantie 4;90250;OULU;6 427;7 208;31 059;7 293;1970;2012;2;1;0
620901;Pöllönkankaan koulu;Kuovitie 13;90540;OULU;6 413;7 251;28 585;6 857;1987;2009;2;1;0
620902;Pöllönkankaan koulu, jätekatos;Kuovitie 13;90540;OULU;15;16;46;0;2012;0;0;0;0
620903;Pöllönkankaan koulu, varasto;Kuovitie 13;90540;OULU;23;24;69;0;2012;0;0;0;0
621002;Timosenkosken luontokoulu;Timosenkoskentie 44;90630;OULU;221;284;983;254;1955;0;2;1;0
621005;Timosenkosken luontokoulu, vaja;Timosenkoskentie 44;90630;OULU;0;45;180;45;1955;0;1;0;0
621101;Korvensuoran koulu;Leväsuontie 17;90600;OULU;2 743;2 901;10 626;2 211;1956;1994;2;1;0
621201;Koskelan koulu;Tullimiehentie 8;90560;OULU;4 032;4 203;15 548;4 203;1971;2007;2;0;0
621301;Kuivasjärven koulu;Karppalantie 1;90540;OULU;2 849;3 156;11 008;2 936;1969;2007;2;1;0
621401;Madekosken koulu;Konttisentie 100;90310;OULU;2 194;2 405;9 950;2 405;1952;2012;2;1;1
621402;Madekosken vanha koulu ja asunto ;Konttisentie 100;90310;OULU;180;223;1 002;223;1911;1982;1;0;0
621503;Terva-Toppilan koulu, Merituuli, C-rakennus;Koskelantie 53;90520;OULU;1 046;1 180;5 347;1 078;1996;2006;2;0;0
621575;Terva-Toppilan koulu, Merituuli, A-rakennus;Koskelantie 53;90520;OULU;518;587;2 642;587;1920;2007;1;0;0
621576;Terva-Toppilan koulu, Merituuli, B-rakennus;Koskelantie 53;90520;OULU;545;614;2 079;631;1949;2002;2;1;0
621601;Lintulammen koulu;Haapanatie 33;90150;OULU;3 421;3 993;13 919;3 406;1958;1994;3;1;0
621701;Kaakkurin koulu ja Kaakonpojan päiväkoti, päärakennus;Pesätie 15;90420;OULU;13 042;14 851;79 781;13 929;2003;0;0;0;0
621702;Kaakkurin koulu ja Kaakonpojan päiväkoti, väestönsuoja;Pesätie 15;90420;OULU;0;597;2 555;597;2004;0;0;0;0
621703;Kaakkurin koulu ja päiväkoti, ulkovarasto;Pesätie 15;90420;OULU;0;23;59;23;2004;0;0;0;0
621901;Nuottasaaren koulu;Isokatu 94;90120;OULU;5 766;6 572;21 768;3 708;1965;2009;2;1;0
622001;Oulujoen koulu;Sangintie 129;90650;OULU;2 245;2 683;9 888;1 756;1947;1989;3;1;0
622101;Heikkilänkankaan monitoimitalo;Kyytipojantie 2;90310;OULU;1 669;1 778;7 733;1 754;2003;0;0;0;0
622102;Heikkilänkankaan monitoimitalo, talousrakennus 1;Kyytipojantie 2;90310;OULU;0;30;84;30;2003;0;0;0;0
622103;Heikkilänkankaan monitoimitalo, talousrakennus 2;Kyytipojantie 2;90310;OULU;0;16;59;16;2003;0;0;0;0
622104;Heikkilänkankaan monitoimitalo, talousrakennus 3;Kyytipojantie 2;90310;OULU;0;18;67;18;2003;0;0;0;0
622201;Patamäen koulu;Peltorinne 6;90240;OULU;1 854;2 032;7 226;2 032;1949;2005;2;1;0
622301;Paulaharjun koulu;Mielikintie 9;90550;OULU;5 312;5 162;18 384;4 125;1961;2008;2;1;0
622401;Pikkaralan koulu;Vasantie 121;90310;OULU;1 134;1 282;5 159;1 058;1952;1993;2;1;0
622501;Pateniemen alakoulu, C-rakennus (ent. Herukan koulu);Risuniityntie 7;90800;OULU;2 768;2 873;11 504;2 365;1952;2008;3;1;0
622502;Pateniemen alakoulu, D-rakennus ;Risuniityntie 7;90800;OULU;692;781;2 435;480;1952;1986;2;1;0
622503;Pateniemen alakoulu, A-rakennus ;Risuniityntie 7;90800;OULU;932;1 053;4 009;1 059;1999;0;1;0;0
622504;Pateniemen alakoulu, B-rakennus ;Risuniityntie 7;90800;OULU;529;592;2 105;501;1938;2005;2;0;0
622506;Pateniemen alakoulu, F-rakennus, maakellari;Risuniityntie 7;90800;OULU;0;0;0;0;1938;0;0;0;0
622507;Pateniemen alakoulu, E-rakennus, ulkoiluvälinevarasto;Risuniityntie 7;90800;OULU;65;89;296;89;1986;2000;1;0;0
622508;Pateniemen alakoulu, liikuntarakennus;Risuniityntie 7;90800;OULU;984;1 107;5 510;1 107;2000;0;1;0;0
622601;Sanginsuun koulu;Sanginsuuntie 56;90660;OULU;566;594;2 232;594;1956;1996;1;0;0
622606;Sanginsuun koulu (ent. asuntola);Sanginsuuntie 56;90660;OULU;430;499;1 434;250;1956;1996;1;1;0
622701;Teuvo Pakkalan koulu;Teuvo Pakkalan katu 17;90130;OULU;3 527;4 172;16 741;3 284;1951;2006;3;1;0
622801;Tuiran koulu, ruokalarakennus;Koskitie 27;90500;OULU;485;543;1 933;510;1974;2006;1;0;0
622802;Tuiran koulu;Koskitie 27;90500;OULU;4 521;5 467;24 330;5 467;1930;2004;2;1;0
622901;Välivainion koulu;Luokotie 4;90530;OULU;1 419;1 664;6 240;1 664;1973;1997;1;0;0
623001;Sarasuon koulu;Sarasuontie 6;90410;OULU;1 114;1 211;4 530;1 211;1995;0;1;0;0
623101;Myllyojan koulu ;Karvarinaukio 15;90650;OULU;3 416;3 798;14 787;3 455;1979;2007;1;1;0
623201;Hönttämäen koulu ja päiväkoti;Ruotukuja 1;90630;OULU;3 075;3 380;12 758;3 303;1983;2010;1;0;0
623301;Lämsänjärven koulu, päiväkoti ja nuorisotila;Lämsänjärventie 15;90230;OULU;1 897;2 069;7 115;2 069;1983;2007;1;0;0
623401;Oulunsuun koulu;Kajaanintie 54;90230;OULU;4 403;4 652;20 934;4 352;1955;1984;5;1;0
623402;Kastellin koulu;Kajaanintie 54;90230;OULU;5 262;6 486;19 925;5 067;1964;1996;2;1;0
623501;Talvikankaan korttelikoulu, päiväkoti ja nuorisotilat;Tuiskutie 10;90630;OULU;2 183;2 418;10 080;2 115;2004;0;0;0;0
623503;Talvikankaan korttelikoulu, päiväkoti ja nuorisotilat, varasto ja leikkimökki;Tuiskutie 10;90630;OULU;45;62;210;62;2004;0;0;0;0
623601;Oulu International School / Oulun kansainvälinen koulu;Kasarmintie 4;90130;OULU;9 384;10 971;40 080;0;1961;2006;3;2;0
623602;Oulu International School / Oulun kansainvälinen koulu, pihavarasto;Kasarmintie 4;90130;OULU;69;78;200;0;2006;0;1;0;0
623603;Oulu International School / Oulun kansainvälinen koulu, jätevarasto;Kasarmintie 4;90130;OULU;35;40;100;0;2006;0;1;0;0
623701;Metsokankaan monitoimitalo;Metsänhoitajantie 5;90420;OULU;9 662;10 359;47 450;10 359;2008;0;2;0;0
624001;Myllytullin koulu;Isokatu 2;90100;OULU;5 257;6 790;24 120;4 667;1912;2007;3;1;0
624102;Rajakylän koulu ja nuorisotalo;Ruiskukkatie 4;90580;OULU;10 026;11 127;48 236;9 972;1977;2005;1;1;0
624601;Pohjankartano;Suvantokatu 1;90140;OULU;13 539;14 913;42 158;13 247;1967;1994;3;1;0
624701;Karjasillan koulu;Lintulammentie 7;90150;OULU;4 378;4 862;22 166;4 159;1958;1985;2;1;0
624901;Oulun Suomalaisen Yhteiskoulun lukio;Maunonkatu 1;90100;OULU;4 509;5 351;21 050;3 871;1908;2007;3;1;0
625001;Laanilan koulu;Hintantie 66;90650;OULU;6 762;7 590;27 710;7 590;1961;2002;3;1;0
625101;Merikosken koulu;Itäkangastie 9;90500;OULU;4 657;5 361;21 433;4 798;1955;2010;3;1;0
625102;Merikosken koulu, lisärakennus;Itäkangastie 9;90500;OULU;960;1 038;4 080;1 038;1999;0;0;0;0
625201;Pateniemen yläkoulu ja kirjasto;Sahantie 2;90800;OULU;4 643;5 196;22 000;4 710;1968;2009;2;1;1
625301;Terva-Toppilan koulu, Ankkuri (yläkoulu);Koskelantie 49;90520;OULU;5 404;5 838;24 874;5 500;1966;2002;1;1;0
625401;Oulun Lyseon Lukio;Kajaaninkatu 3;90100;OULU;3 436;4 011;18 522;3 437;1831;2007;2;1;0
625402;Oulun Lyseon lukio, liikuntatilat;Kajaaninkatu 3;90100;OULU;403;547;2 339;547;1907;0;2;0;0
626001;Oulun pääkirjasto;Kaarlenväylä 3;90100;OULU;6 730;7 539;36 200;7 060;1981;0;4;1;0
626101;Myllyojan kirjasto ja nuorisotalo;Karvarinaukio 11;90650;OULU;942;1 045;3 820;1 045;1980;2010;1;0;0
626501;Oulun kaupunginteatteri ;Kaarlenväylä 2;90100;OULU;12 069;14 723;70 300;13 527;1972;2004;4;1;0
626601;Kesäteatteri, Hupisaari;Hupisaari;90130;OULU;197;229;667;229;1987;0;2;0;0
626701;Pateniemen sahamuseo;Sahantie 21;90800;OULU;0;310;1 405;310;1989;0;0;0;0
627101;Musiikkikeskus;Leevi Madetojan katu 1-3;90140;OULU;5 850;6 506;40 698;6 482;1983;0;4;1;0
627201;OuluZone moottoriurheilukeskus, huoltorakennus;Kuusamontie 3250;91310;ARKALA;83;100;330;100;2014;0;0;0;0
627202;OuluZone moottoriurheilukeskus, tuomaritorni;Kuusamontie 3250;91310;ARKALA;59;71;204;71;2014;0;3;0;0
627501;Pohjois-Pohjanmaan museo;Ainolanpolku 1;90130;OULU;2 349;2 799;10 513;2 799;1931;1985;3;1;0
627599;Pohjois-Pohjanmaan museo, varasto;Ainolanpolku 1;90130;OULU;12;15;43;15;1991;0;1;0;0
627901;Kaijonharjun monitoimikeskus;Kalevalantie  5;90570;OULU;3 256;3 748;15 006;3 744;1987;2010;2;0;0
627902;Kaijonharjun monitoimikeskus, väestönsuoja;Kalevalantie  5;90570;OULU;104;134;395;134;1987;0;0;1;0
628001;Ritaharjun monitoimitalo;Ritakierros 2;90540;OULU;10 714;11 571;51 000;10 679;2010;0;2;0;0
628301;Sanginjoen nuorisotilat, asuntolarakennus;Kontiokoskentie 14;90650;OULU;82;98;337;98;1920;1982;1;0;0
628302;Sanginjoen nuorisotilat, päärakennus;Kontiokoskentie 14;90650;OULU;197;233;1 070;233;1920;1982;1;0;0
628303;Sanginjoen nuorisotilat, asuin- ja  saunarakennus;Kontiokoskentie 13;90650;OULU;197;241;720;241;1920;1982;2;1;0
628304;Sanginjoen nuorisotilat, talousrakennus;Kontiokoskentie 13;90650;OULU;113;127;572;127;1920;1982;1;0;0
628401;Toppilan liikuntatalo;Kauppaseurantie;90520;OULU;793;1 029;4 189;912;1937;2003;2;1;0
628701;Koppanan leirikeskus, päärakennus;Nenännokka 83;90470;VARJAKKA;125;281;1 270;281;1958;2006;1;0;0
628702;Koppanan leirikeskus, sauna;Nenännokka 83;90470;VARJAKKA;29;35;86;35;1961;2006;1;0;0
628703;Koppanan leirikeskus, keittokatos;Nenännokka 83;90470;VARJAKKA;29;33;90;33;1984;2006;1;0;0
628704;Koppanan leirikeskus, kellari;Nenännokka 83;90470;VARJAKKA;4;5;11;5;1961;0;0;1;0
628705;Koppanan leirikeskus, wc;Nenännokka 83;90470;VARJAKKA;4;6;19;6;2006;0;0;0;0
628706;Koppana, Rahjan mökki;Nenännokka 83;90470;VARJAKKA;32;35;101;35;1961;0;1;0;0
628707;Koppanan leirikeskus, venevaja;Nenännokka 83;90470;VARJAKKA;58;64;135;64;1961;0;1;0;0
628901;Nuorten työpaja H4;Tykistökatu 13-15;90130;OULU;1 367;1 549;5 981;0;1959;2013;0;0;0
628902;Nuorten työpaja H5;Tykistökatu 13-15;90130;OULU;2 280;2 582;10 168;0;1956;2013;0;0;0
628903;Nuorten työpaja, ulko-/jätevarasto;Tykistökatu 13-15;90130;OULU;0;0;0;0;2013;0;0;0;0
629001;Oulun jäähalli;Teuvo Pakkalan katu 11;90130;OULU;12 656;13 113;100 000;10 222;1975;2004;3;0;0
629002;Oulun jäähalli, huoltorakennus, kiinni jäähallissa;Teuvo Pakkalan katu 11;90130;OULU;583;614;3 099;614;1997;0;0;0;0
629101;Oulun uimahalli;Pikkukankaantie 3;90130;OULU;11 082;12 376;63 860;12 376;1974;2001;2;1;0
629201;Raatin liikuntakeskus, uimahalli ja katsomorakennus;Raatintie 2;90100;OULU;7 311;8 956;38 815;6 598;1959;2010;3;1;1
629202;Raatin liikuntakeskus, stadion;Raatintie 2;90100;OULU;85;98;318;0;2011;0;0;0;0
629291;Raatin liikuntakeskus, huoltorakennus;Raatintie 2;90100;OULU;86;97;366;0;2011;0;0;0;0
629301;Urheilutalo;Rantakatu 15;90100;OULU;3 952;4 087;22 871;3 746;1962;2005;2;1;0
629401;Honkapirtti;Pateniementie 86;90800;OULU;1 336;1 484;7 096;1 291;1951;1994;2;1;0
629801;Castrenin urheilupuisto;Paulaharjuntie 43 ;90530;OULU;357;412;1 320;412;1985;2006;1;0;0
629890;Castrenin urheilupuisto, kylmävarasto;Paulaharjuntie 43 ;90530;OULU;72;79;235;79;1985;0;1;0;0
629991;Pakkalan kenttä, tekojäärakenteet;Urheilukatu;90130;OULU;1;1;1;1;1997;0;1;0;0
630102;Ainolan puutarha, maakellari;Kiikkusaari;90100;OULU;47;80;200;80;1963;0;0;1;0
630103;Ainolan puutarha, kokoelmakasvihuone;Kiikkusaari 0;90100;OULU;300;324;0;1 021;1968;0;0;0;0
630104;Ainolan puutarha, tuotantokasvihuone;Kiikkusaari;90100;OULU;262;322;966;322;1968;1985;1;0;0
630130;Hupisaarten kahvila;Kiikkusaari;90100;OULU;244;219;1 215;219;1963;1985;1;0;0
630212;Kaupungin polttoainevarasto ja saha, takavarasto;Konetie 15;90650;OULU;0;192;770;192;1989;0;1;0;0
630455;Kaupunginvarikko, varasto;Koskitie 2;90500;OULU;1 436;1 504;10 006;1 505;1977;0;1;0;0
630456;Kaupunginvarikko, auto- ja konehalli;Koskitie 2;90500;OULU;1 424;1 505;10 236;1 458;1978;0;1;0;0
630457;Kaupunginvarikko, korjaamo ja huoltorakennus, lämmin;Koskitie 2;90500;OULU;7 457;8 043;46 752;6 650;1960;1979;2;1;0
630459;Kaupunginvarikko, kylmävarasto;Koskitie 2;90500;OULU;665;714;2 714;700;1960;0;1;0;0
630460;Kaupunginvarikko, kylmävarasto;Koskitie 2;90500;OULU;669;708;2 691;700;1960;0;1;0;0
630801;Poratien tukikohta;Poratie 10;90150;OULU;3 050;3 381;15 222;3 153;1971;0;2;1;0
630802;Poratie 8, hiekkahalli;Poratie 8;90150;OULU;762;806;4 513;778;1992;0;0;0;0
630902;Oulun tekninen liikelaitos;Sorvitie 5;90150;OULU;3 134;3 486;13 302;3 621;1971;1995;2;0;0
630903;Oulun tekninen liikelaitos, pieni varasto;Sorvitie 5;90150;OULU;147;152;532;152;1984;0;1;0;0
630904;Oulun tekninen liikelaitos, iso varasto;Sorvitie 5;90150;OULU;726;744;3 980;744;1992;0;1;0;0
631001;Tuiran kuntoutuskoti (ent. Uitto);Koskitie 4;90500;OULU;649;803;2 350;592;1938;1984;2;1;0
631201;Talvikkipuiston huoltorakennus;Tervakukkatie 54;90580;OULU;376;412;1 525;412;2003;0;1;0;0
631301;Ouluhalli;Ylioppilaantie 4;90130;OULU;13 056;12 073;161 640;12 073;1986;2007;2;0;0
632001;Tähtitorni;Linnansaari;90100;OULU;138;177;599;177;1875;2011;3;1;0
632103;Kauppatori, makasiini nro 18;Kauppatori;90100;OULU;114;87;365;87;1700;0;2;0;0
632103;Kauppatori, makasiini nro 1;Kauppatori;90100;OULU;283;190;681;190;1700;0;2;0;0
632104;Kauppatori, makasiini nro 4;Kauppatori;90100;OULU;94;100;284;100;1700;0;2;0;0
632113;Kauppatori, makasiini nro 23;Kauppatori;90100;OULU;82;99;355;99;1700;0;2;0;0
632114;Kauppatori, makasiini nro 24;Kauppatori;90100;OULU;90;93;333;93;1700;0;2;0;0
632117;Kauppatori, makasiini nro 12;Kauppatori;90100;OULU;108;105;375;105;1700;0;2;0;0
632117;Kauppatori, makasiini nro 17;Kauppatori;90100;OULU;48;57;284;57;1700;0;0;0;0
632118;Kauppatori, makasiini nro 16;Kauppatori;90100;OULU;46;60;168;60;1850;0;2;0;0
632119;Kauppatori, makasiini nro 19;Kauppatori;90100;OULU;86;68;173;68;1700;0;2;0;0
632120;Kauppatori, makasiini nro 5;Kauppatori;90100;OULU;73;78;201;78;1700;0;2;0;0
632120;Kauppatori, makasiini nro 20;Kauppatori;90100;OULU;115;95;340;95;1700;0;2;0;0
632121;Kauppatori, makasiini nro 10;Kauppatori;90100;OULU;40;50;129;50;1700;0;2;0;0
632121;Kauppatori, makasiini nro 7;Kauppatori;90100;OULU;81;91;255;91;1850;0;2;0;0
632122;Kauppatori, makasiini nro 8;Kauppatori;90100;OULU;43;50;129;50;1700;0;2;0;0
632123;Kauppatori, makasiini nro 11;Kauppatori;90100;OULU;59;68;190;68;1850;0;2;0;0
632124;Kauppatori, makasiini nro 15;Kauppatori;90100;OULU;128;102;365;102;1700;0;2;0;0
632171;Kauppatori, makasiini nro 14;Kauppatori;90100;OULU;615;540;1 442;540;1700;0;3;0;0
632401;Kauppatori, torialue;Kauppatori;90100;OULU;0;1;1;1;2000;0;0;0;0
632501;Kauppahalli ;Saaristonkatu 1 C;90100;OULU;1 050;1 272;7 311;1 272;1920;1995;2;0;0
632701;Kauppatorin huoltoaitta nro 6;Kauppatori;90100;OULU;121;161;367;161;1998;0;0;0;0
632902;Tukkisaari, venevaja ;Tukkisaarenkuja;90500;OULU;0;55;150;55;1920;0;1;0;0
633101;Kulttuuritalo Valve;Ojakatu 4;90100;OULU;4 936;5 519;23 510;4 187;1860;2004;3;1;0
633604;Ruskon aluetukikohta, sosiaalitilat ja toimisto;Kiilletie 7;90620;OULU;828;965;3 274;680;1988;0;1;1;0
633606;Ruskon aluetukikohta, konehalli, lämmin;Kiilletie 7;90620;OULU;1 071;1 125;6 898;1 125;1988;0;2;0;0
633608;Ruskon aluetukikohta, varasto kylmä;Kiilletie 7;90620;OULU;615;650;3 730;650;1994;0;1;0;0
633699;Ruskon aluetukikohta, kaarihalli, kylmä;Kiilletie 7;90620;OULU;550;589;3 583;589;1988;0;1;0;0
633701;Kaakkurin monitoimitalo;Pesätie 13;90420;OULU;1 396;1 542;8 024;1 424;2008;0;2;0;0
633702;Kaakkurin monitoimitalo, varasto;Pesätie 13;90420;OULU;14;16;45;17;2008;0;1;0;0
634601;Lasten Liikennepuisto;Rantakatu 19;90100;OULU;18;72;190;72;1970;0;1;0;0
634801;Taidemuseo;Kasarmintie 7;90130;OULU;3 431;4 030;19 104;3 686;1880;2008;3;1;0
635201;Oulun hätäkeskus;Pikkukankaantie 2;90130;OULU;1 634;1 869;9 700;1 636;2006;0;3;0;0
635401;Toimisto- ja varastorakennus, Sälpätie 1;Sälpätie 1;90620;OULU;113;131;525;131;1950;0;1;0;0
635501;Pohjois-Pohjanmaan museon varasto;Konetie 33;90620;OULU;2 256;2 472;13 090;2 472;1986;0;2;0;0
636003;Bänditila, Meri-Toppila;Pitkänmöljäntie 2;90510;OULU;0;107;360;107;1945;0;1;0;0
636701;Aleksinkulma;Hallituskatu 6;90100;OULU;1 625;1 818;6 433;1 422;1880;1998;2;1;0
636801;Tuiran uimala;Koskitie 58;90500;OULU;201;234;703;234;1984;0;1;0;0
636901;Työmaatukikohta, Poratie 11;Poratie 11;90150;OULU;883;923;5 780;923;1980;0;1;0;0
638401;Meriheinän päiväkoti;Koskitie 2;90500;OULU;262;301;1 053;289;1981;1996;1;0;0
640301;Tietomaa, hallintokeskus;Nahkatehtaankatu 6;90130;OULU;2 863;3 560;13 534;3 560;1923;1998;4;0;0
640302;Tietomaa, tiedeteatteri;Makasiinikatu 5;90130;OULU;763;939;5 306;659;1988;0;2;1;0
640401;Värtön liikuntahalli;Kurkelantie 7;90230;OULU;2 586;2 775;15 422;2 750;1970;2002;1;0;0
644801;Matilan talo;Pikisaarentie 6;90100;OULU;91;107;482;107;1740;1986;1;0;0
645201;Makasiini, Sokeri-Jussi  ;Pikisaarentie 2;90100;OULU;242;242;780;242;1892;0;2;0;0
645701;Vanha villatehdas;Pikisaarentie 17;90100;OULU;1 876;2 145;8 593;2 145;1977;1998;4;0;0
645702;Vanha villatehdas, taiteilijoiden työtilat, rak. 2;Pikisaarentie 17;90100;OULU;0;222;1 704;222;1898;0;1;0;0
646001;Salonpään päiväkoti;Keskipiirintie 27;90470;VARJAKKA;288;337;1 155;335;1991;2004;1;0;0
646101;Pitkäkankaan päiväkoti;Tuohikuja 3;90460;OULUNSALO;1 288;1 465;4 827;1 339;2001;0;1;0;0
646201;Päiväkoti Saloila;Tolvasenkuja 1;90460;OULUNSALO;852;988;3 310;840;1986;0;1;0;0
646301;Päiväkoti Kuovit;Mäntypellonpolku 16;90460;OULUNSALO;318;379;1 287;371;1975;0;0;0;0
646401;Salonpään koulu;Keskipiirintie 9;90470;VARJAKKA;2 030;2 284;12 420;2 225;1969;2007;0;0;0
646402;Salonpään puukoulu;Keskipiirintie 9;90470;VARJAKKA;384;448;1 820;522;1918;1986;0;0;0
646501;Pitkäkankaan koulu;Opintie 6;90460;OULUNSALO;8 274;9 347;37 260;8 702;1983;1998;0;0;0
646601;Oulunsalon kirkonkylän koulu;Koulutie 4;90460;OULUNSALO;5 084;5 714;25 254;5 426;1977;2003;0;0;0
646602;Oulunsalon kirkonkylän puukoulu;Koulutie 4;90460;OULUNSALO;219;253;896;256;1946;2006;0;0;0
646603;Oulunsalon vanha kunnantalo;Koulutie 4;90460;OULUNSALO;175;205;630;210;1946;0;0;0;0
646701;Oulunsalo-talo;Mäntypellonpolku 10;90460;OULUNSALO;4 198;4 735;22 900;4 550;1993;0;0;0;0
646801;Oulunsalon terveysasema;Kauppiaantie 10;90460;OULUNSALO;1 702;1 986;7 819;1 965;1980;1994;0;0;0
646901;Oulunsalon paloasema;Palokuja 1;90460;OULUNSALO;722;816;3 437;824;2002;0;0;0;0
647001;Oulunsalon kunnantalo;Kauppiaantie 5;90460;OULUNSALO;2 446;2 827;10 250;3 020;1982;0;0;0;0
647101;Oulunsalon varikko, varikkohalli;Marjatie 66;90460;OULUNSALO;354;394;1 940;363;1981;0;0;0;0
647102;Oulunsalon varikko, konesuoja;Marjatie 66;90460;OULUNSALO;311;318;1 494;318;1993;0;0;0;0
647103;Oulunsalon varikko, ulkovarasto;Marjatie 66;90460;OULUNSALO;128;139;564;196;1981;0;0;0;0
647104;Oulunsalon varikko, varastohalli;Marjatie 66;90460;OULUNSALO;224;243;1 237;229;1999;0;0;0;0
647105;"Oulunsalon varikko; Piha";Marjatie 66;90460;OULUNSALO;0;0;0;0;0;0;0;0;0
647201;Oulunsalon urheilukenttä, huoltorakennus;Koulutie 2;90460;OULUNSALO;136;154;226;82;1981;0;0;0;0
647202;Oulunsalon urheilukenttä, kotipesä;Koulutie 2;90460;OULUNSALO;41;49;121;46;1990;0;0;0;0
647301;Kuovinpesän ryhmis, Kauppiaantie 24;Kauppiaantie 24;90460;OULUNSALO;234;275;688;255;1972;0;0;0;0
647602;Varjakka, Kapteenintalo;Varjakka;90470;VARJAKKA;0;269;0;0;0;0;0;0;0
647603;Varjakka, Hulina;Varjakka;90470;VARJAKKA;0;134;0;0;0;0;0;0;0
647604;Varjakka, Lotina;Franzeninkuja 1;90470;VARJAKKA;0;166;0;0;0;0;0;0;0
647605;Varjakka, paviljonki;Varjakka;90470;VARJAKKA;0;216;0;0;0;0;0;0;0
647606;Varjakka, sauna (mantere);Varjakka;90470;VARJAKKA;0;19;0;0;0;0;0;0;0
647607;Varjakka, talousrakennus (mantere);Varjakka;90470;VARJAKKA;0;762;0;0;0;0;0;0;0
647620;Varjakka, 1. rakennus (saari);Varjakka;90470;VARJAKKA;0;15;0;0;0;0;0;0;0
647621;Varjakka, konttori (saari) S-1;Varjakka;90470;VARJAKKA;0;359;0;0;0;0;0;0;0
647622;Varjakka, paloasema (saari);Varjakka;90470;VARJAKKA;0;97;0;0;0;0;0;0;0
647623;Varjakka, asuinrakennus S-13 (saari) ;Varjakka;90470;VARJAKKA;0;223;0;0;0;0;0;0;0
647624;Varjakka, sauna (saari);Varjakka;90470;VARJAKKA;0;30;0;0;0;0;0;0;0
647625;Varjakka, paritalo S-5 (saari);Varjakka;90470;VARJAKKA;0;133;0;0;0;0;0;0;0
647626;Varjakka, paritalo S-6 (saari);Varjakka;90470;VARJAKKA;0;133;0;0;0;0;0;0;0
647627;Varjakka, paritalo S-7 (saari);Varjakka;90470;VARJAKKA;0;143;0;0;0;0;0;0;0
647628;Varjakka, paritalo S-8 (saari);Varjakka;90470;VARJAKKA;0;133;0;0;0;0;0;0;0
647629;Varjakka, paritalo S-9 (saari);Varjakka;90470;VARJAKKA;0;133;0;0;0;0;0;0;0
647630;Varjakka, talli (saari) S-10;Varjakka;90470;VARJAKKA;0;163;0;0;0;0;0;0;0
647631;Varjakka, sauna/liiteri (saari);Varjakka;90470;VARJAKKA;0;94;0;0;0;0;0;0;0
647651;Varjakka, asuinrakennus (Pyydyskari);Varjakka;90470;VARJAKKA;0;115;0;0;0;0;0;0;0
647652;Varjakka, sauna (Pyydyskari);Varjakka;90470;VARJAKKA;0;14;0;0;0;0;0;0;0
647653;Varjakka, piharakennus (Pyydyskari);Varjakka;90470;VARJAKKA;0;100;0;0;0;0;0;0;0
647701;Oulunsalon liikuntakeskus, palloiluhalli ja jäähalli;Tuohikuja 6;90460;OULUNSALO;5 576;6 007;37 822;6 007;1991;0;0;0;0
647801;Salonkartano;Koulutie 7;90460;OULUNSALO;1 756;2 050;6 565;1 986;1996;2002;2;0;0
647901;Oulunsalon kotiseutumuseo;Jääsköntie 5;90460;OULUNSALO;103;116;392;116;1870;0;0;0;0
648101;Oulunsalon kirjasto, kuvisluokka ja yhteispalvelupiste (Kapteeni) ;Karhuojantie 2;90460;OULUNSALO;1 697;0;7 235;0;2005;0;0;0;0
648201;Niemenrantatalo;Nuottamiehentie 1;90460;OULUNSALO;4 832;5 339;30 650;5 339;2012;0;2;0;0
648202;Niemenrantatalo, ulkovarasto/leikkimökki;Nuottamiehentie 1;90460;OULUNSALO;29;0;0;0;2012;0;1;0;0
653801;Koivuranta, päärakennus;Pukseritie 7;90510;OULU;131;154;456;154;1916;2003;0;0;0
653802;Koivuranta, sauna;Pukseritie 7;90510;OULU;68;83;236;0;2004;0;0;0;0
655102;Huoltorakennus, Virpiniemi (ylämaja);Virpiniementie 29;90810;KIVINIEMI;379;436;1 656;440;1981;0;0;0;0
655201;Simppulankartano;Simppulantie 15;90830;HAUKIPUDAS;1 794;2 059;7 630;1 907;1993;0;0;0;0
655301;Haukiputaan terveysasema ja vuodeosasto;Simppulantie 15;90830;HAUKIPUDAS;4 933;5 640;19 575;5 474;1984;0;0;0;0
655401;Päiväkoti Jatulin Tarha;Jokelantie 18;90830;HAUKIPUDAS;2 045;2 356;9 894;2 264;2005;0;0;0;0
655501;Koivulan päiväkoti;Hietalanmäentie 25;90820;KELLO;332;383;905;275;1930;1976;0;0;0
655601;Martinniemen päiväkoti;Martinniementie 319;90850;MARTINNIEMI;3 335;3 739;14 288;2 363;2006;0;0;0;0
655701;Simppulankartanon avoin päiväkoti;Simpuntie 11;90830;HAUKIPUDAS;528;622;1 840;475;1880;1977;0;0;0
655801;Tuomikoti ;Harjuntie 14 B;90830;HAUKIPUDAS;198;244;670;231;1992;0;0;0;0
655802;Koivukoti;Harjuntie 14 C;90830;HAUKIPUDAS;282;343;865;299;1992;0;0;0;0
655803;Leppäkoti;Harjuntie 14 D;90830;HAUKIPUDAS;194;230;775;214;1992;0;0;0;0
655901;Santaholman koulu;Santaholmantie 86;90830;HAUKIPUDAS;534;612;2 040;599;1999;2009;0;0;0
656001;Aseman päiväkoti;Torvelantie 23;90830;HAUKIPUDAS;515;595;1 980;519;2002;0;0;0;0
656201;Haukiputaan paloasema;Heitontie 1;90830;HAUKIPUDAS;1 241;1 714;7 320;1 600;2010;0;0;0;0
656301;Aseman koulu ja kirjasto, A-rakennus;Asemakylänraitti 1;90840;HAUKIPUDAS;941;1 081;3 438;1 123;1957;2006;0;0;0
656302;Aseman koulu, B-rakennus;Asemakylänraitti 1;90840;HAUKIPUDAS;911;1 018;3 210;969;1957;2006;0;0;0
656303;Aseman koulu, C-rakennus;Asemakylänraitti 1;90840;HAUKIPUDAS;1 051;1 204;4 724;1 087;1957;2006;0;0;0
656304;Aseman koulu, D-rakennus;Asemakylänraitti 1;90840;HAUKIPUDAS;145;169;659;160;1936;0;0;0;0
656401;Martinniemen koulu ja kirjasto;Jokisuuntie 1;90850;MARTINNIEMI;3 018;3 415;14 773;3 298;1956;2005;0;0;0
656501;Toimintakeskus Jatuli ja Vesi-Jatuli;Jokelantie 20;90830;HAUKIPUDAS;8 635;9 586;48 100;9 112;1979;0;0;0;0
656601;Pihlajakoti;Harjuntie 14 E;90830;HAUKIPUDAS;713;842;2 453;691;1999;0;0;0;0
656801;Meriniemi;Hedmanssonintie 10;90810;KIVINIEMI;172;202;513;205;1940;2002;0;0;0
657001;Hietalanmäen koulu;Hietalanmäentie 27;90820;KELLO;289;337;1 426;348;1906;1991;0;0;0
657101;Jokikylän koulu, A-rakennus;Jokikyläntie 41;90840;HAUKIPUDAS;326;383;1 757;277;1938;1998;0;0;0
657102;Jokikylän koulu, B-rakennus, esikoulu;Jokikyläntie 41;90840;HAUKIPUDAS;136;162;629;165;1938;1998;0;0;0
657201;Keiskan koulu;Keiskantie 25;90830;HAUKIPUDAS;846;977;2 389;709;1929;1992;0;0;0
657301;Kellon koulu ja päiväkoti;Kylätie 6;90820;KELLO;8 432;9 563;40 270;9 474;1959;1996;0;0;0
657302;Kellon koulu ja päiväkoti, pihavaja;Kylätie 6;90820;KELLO;22;0;0;0;2005;0;0;0;0
657305;Kellon koulu ja päiväkoti, leikkimökki ja ulkoiluvälinevarasto;Kylätie 6;90820;KELLO;14;16;57;0;2005;0;0;0;0
657401;Kiviniemen koulu ja päiväkoti;Uuvenperäntie 4;90810;KIVINIEMI;5 054;5 699;24 931;5 235;1950;2012;0;0;0
657501;Ent. Oravan koulu;Simunantie 15;90820;KELLO;689;804;3 485;935;1887;2001;0;0;0
657601;Parkumäen koulu 1;Kalliomäentie 91;90860;HALOSENNIEMI;351;410;1 584;347;1923;1978;0;0;0
657602;Parkumäen koulu 2;Kalliomäentie 91;90860;HALOSENNIEMI;213;247;1 307;243;1929;1979;0;0;0
657701;Takkurannan vanha koulu;Takkurannantie 10;90820;KELLO;305;352;1 372;341;1928;1980;0;0;0
657702;Takkurannan uusi koulu;Takkurannantie 10;90820;KELLO;978;1 119;5 279;1 040;1956;1999;0;0;0
657801;Länsituulen koulu;Länsikuja 2;90830;HAUKIPUDAS;7 147;8 020;37 020;7 830;2009;0;0;0;0
657901;Annalankankaan varikko, hiekkavarasto G;Annalankankaantie 18 B;90830;HAUKIPUDAS;0;0;0;0;1984;0;0;0;0
657902;Annalankankaan varikko, H-halli;Annalankankaantie 18 B;90830;HAUKIPUDAS;390;399;1 917;0;1989;0;0;0;0
657903;Annalankankaan varikko, I-J-rakennus;Annalankankaantie 18 B;90830;HAUKIPUDAS;1 283;1 427;6 340;1 239;1985;0;0;0;0
657904;Annalankankaan varikko, U-halli;Annalankankaantie 18 B;90830;HAUKIPUDAS;137;141;680;0;1989;0;0;0;0
657905;Annalankankaan varikko, V-halli;Annalankankaantie 18 B;90830;HAUKIPUDAS;137;141;680;0;1989;0;0;0;0
657906;Annalankankaan varikko, X-halli;Annalankankaantie 18 B;90830;HAUKIPUDAS;137;141;680;0;1989;0;0;0;0
657907;Annalankankaan varikko, Y-halli;Annalankankaantie 18 B;90830;HAUKIPUDAS;137;141;680;0;1989;0;0;0;0
657908;Annalankankaan varikko, puukatos Z;Annalankankaantie 18 B;90830;HAUKIPUDAS;132;136;653;0;1989;0;0;0;0
657909;Annalankankaan varikko, Ä-halli;Annalankankaantie 18 B;90830;HAUKIPUDAS;138;142;685;0;1989;0;0;0;0
657910;Annalankankaan varikko, Ö-halli;Annalankankaantie 18 B;90830;HAUKIPUDAS;264;271;1 302;0;1989;0;0;0;0
658001;Haukiputaan varikko;Simppulanharjuntie 17;90830;HAUKIPUDAS;1 511;1 714;6 205;0;1972;1983;0;0;0
658002;Haukiputaan varikko, lämmin/kylmä halli;Simppulanharjuntie 17;90830;HAUKIPUDAS;130;130;0;0;0;0;0;0;0
658003;Haukiputaan varikko, kylmä halli;Simppulanharjuntie 17;90830;HAUKIPUDAS;595;595;0;0;0;0;0;0;0
658004;Haukiputaan varikko, katos;Simppulanharjuntie 17;90830;HAUKIPUDAS;0;0;0;0;0;0;0;0;0
658201;Haukiputaan kirkonkylän alakoulu;Jokelantie 17;90830;HAUKIPUDAS;4 583;5 204;21 400;5 231;1953;1984;0;0;0
658501;Virpiniemen hiihtomaja (kahvila-ravintola);Virpiniementie 29;90810;KIVINIEMI;274;310;595;190;1953;1985;0;0;0
658701;Haukiputaan keskusurheilukenttä, huoltorakennus;Jokelantie 19;90830;HAUKIPUDAS;564;419;1 217;419;1970;0;0;0;0
658801;Haukiputaan yläkoulu;Mirjantie 4;90830;HAUKIPUDAS;4 632;5 171;22 810;4 737;2014;0;3;0;1
660901;Meri-Toppilan päiväkoti ja Toppilan nuorisotalo;Kuivaamokatu 6;90520;OULU;960;1 175;4 400;1 175;1936;1998;2;0;0
660902;Meri-Toppilan päiväkoti, VSS;Kuivaamokatu 6;90520;OULU;38;40;140;40;1998;0;0;0;0
663701;Myllyojan-Hintan asukastupa ;Jokivarrenpolku 5;90650;OULU;0;123;310;123;1928;1955;2;0;0
663703;Myllyojan-Hintan asukastupa , sauna;Jokivarrenpolku 5;90650;OULU;0;11;35;11;1928;0;0;0;0
663704;Myllyojan - Hintan asukastupa, varasto;Jokivarrenpolku 5;90650;OULU;0;0;0;0;0;0;0;0;0
663901;Tunnelmatupa, Koiteli;Koitelinkoskentie 456;90900;KIIMINKI;50;56;253;79;2000;0;0;0;0
663902;Tanssilavarakennus, Koiteli;Koitelinkoskentie 456;90900;KIIMINKI;83;88;306;83;2006;0;0;0;0
663903;Perinnetupa, Koitelinkoski;Koitelinkoskentie 456;90900;KIIMINKI;104;114;404;104;1950;1997;0;0;0
664001;Sotu-talo;Honkiojantie 2;90900;KIIMINKI;111;135;434;135;1988;2005;0;0;0
664101;Kiimingin kunnanvirasto, A-talo;Lempiniementie 2 A;90900;KIIMINKI;1 562;1 795;6 049;1 792;1973;2009;0;0;0
664201;Kiimingin terveysasema;Terveystie 1;90900;KIIMINKI;2 977;3 480;12 300;3 418;1979;2013;2;0;0
664301;Palvelukeskus Jaarankartano;Jaarantie 3;90900;KIIMINKI;2 352;2 746;8 853;2 744;1965;1994;0;0;0
664401;Honkimaan päiväkoti;Hiihtorinne 1;90900;KIIMINKI;1 263;1 453;5 885;1 335;2005;0;1;0;0
664501;Laivakankaan päiväkoti;Laivakankaantie 12;90940;JÄÄLI;1 073;1 267;5 308;1 240;2003;0;1;0;0
664502;Laivakankaan päiväkoti, varasto;Laivakankaantie 12;90940;JÄÄLI;60;64;180;0;2003;0;0;0;0
664601;Päiväkoti Tuokkonen;Kehätie 3;90940;JÄÄLI;1 048;1 219;4 617;1 400;1984;2011;0;0;0
664602;Päiväkoti Tuokkonen, varasto;Kehätie 3;90940;JÄÄLI;44;47;155;44;1984;0;0;0;0
664603;Päiväkoti Tuokkonen, leikkikatos;Kehätie 3;90940;JÄÄLI;12;13;37;0;1984;0;0;0;0
664701;Vekara-ahon päiväkoti;Pikkukierto 2;90900;KIIMINKI;906;1 043;3 900;999;2001;0;1;0;0
664702;Vekara-ahon päiväkoti, varasto;Pikkukierto 2;90900;KIIMINKI;21;23;75;0;2001;0;0;0;0
664801;Nuorten työpaja, Kiiminki;Honkiojantie 4;90900;KIIMINKI;208;239;720;228;1991;0;1;0;0
664901;Kiimingin kirjasto ja toimintakeskus Syke;Kirjastokuja 1;90900;KIIMINKI;1 503;1 711;6 470;1 542;1989;0;0;0;0
665001;Alakylän koulu, A-rakennus;Huruntie 16;90910;KONTIO;270;312;1 207;0;1920;2009;0;0;0
665002;Alakylän koulu, B-rakennus;Huruntie 16;90910;KONTIO;886;1 030;4 008;0;1954;2009;0;0;0
665003;Alakylän koulu, laajennusosa, C-rakennus;Huruntie 16;90910;KONTIO;634;700;4 009;0;1995;0;0;0;0
665101;Huttukylän koulu A;Huttukylänkouluntie 66;90900;KIIMINKI;222;259;1 002;0;1920;1998;0;0;0
665102;Huttukylän koulu B;Huttukylänkouluntie 66;90900;KIIMINKI;469;535;2 624;0;1989;0;0;0;0
665201;Jokirannan koulu;Jaarantie 4;90900;KIIMINKI;6 049;6 850;24 819;6 828;1969;2005;2;0;0
665301;Jäälin koulu;Rivitie 11;90940;JÄÄLI;3 866;4 360;19 736;4 573;1977;1993;0;0;0
665302;Jäälin koulu, varasto;Rivitie 11;90940;JÄÄLI;105;112;369;0;1977;0;0;0;0
665401;Kiiminkijoen koulu;Raatinharjuntie 9;90900;KIIMINKI;4 170;4 585;17 372;4 610;1959;2010;0;0;0
665402;Kiiminkijoen päiväkoti;Raatinharjuntie 11;90900;KIIMINKI;2 092;2 085;11 009;2 129;2013;0;0;0;0
665403;Kiiminkijoen päiväkoti, varasto;Raatinharjuntie 11;90900;KIIMINKI;14;16;44;35;0;0;0;0;0
665501;Laivakankaan koulu;Laivakankaantie 10;90940;JÄÄLI;6 035;6 769;32 050;6 276;2007;0;0;0;0
665601;Tirinkylän koulu;Tirintie 97;90910;KONTIO;625;730;2 828;0;1957;1989;0;0;0
665602;Tirinkylän koulu, varasto;Tirintie 97;90910;KONTIO;62;68;191;0;1957;0;0;0;0
665701;Ylikylän koulu, A-rakennus;Ylikouluntie 2;90900;KIIMINKI;796;900;4 594;0;1952;2002;0;0;0
665703;Ylikylän koulu, varasto;Ylikouluntie 2;90900;KIIMINKI;103;114;366;0;1952;1980;0;0;0
665801;Kiimingin lukio;Urheilutie 12;90900;KIIMINKI;2 306;2 569;10 083;2 534;1987;0;0;0;0
665901;Kiimingin paloasema;Lempiniementie 2 C;90900;KIIMINKI;859;978;3 237;912;1973;1992;0;0;0
666601;Jäälin urheilukentän huoltorakennus;Jäälintie 6;90940;JÄÄLI;89;97;298;97;1978;0;0;0;0
666801;Puiravankolmion huoltorakennus;Urheilutie;90900;KIIMINKI;143;163;362;125;2002;2007;0;0;0
666802;Puiravankolmion kuulutuskoppi;Urheilutie;90900;KIIMINKI;15;0;0;0;0;0;0;0;0
666901;Honkimaan tukikohta, huoltorakennus;Honkimaantie 2;90900;KIIMINKI;279;326;1 050;309;1979;1988;0;0;0
666902;Honkimaan tukikohta, ulkovarasto 2;Honkimaantie 2;90900;KIIMINKI;192;558;2 468;558;1988;0;0;0;0
666903;Honkimaan tukikohta, Sammalojan varasto;Honkimaantie 2;90900;KIIMINKI;35;38;114;38;1981;0;0;0;0
666904;Honkimaan tukikohta, ulkovarasto 1;Honkimaantie 2;90900;KIIMINKI;517;204;1 120;204;1997;0;0;0;0
666905;Honkimaan tukikohta, pressuhalli;Honkimaantie 2;90900;KIIMINKI;235;240;1 000;240;2004;0;0;0;0
667101;Teknisen toimiston tukikohta, Yli-Ii;Ruunatie 14;91200;YLI-II;437;270;877;224;1983;0;0;0;0
667102;Teknisen toimiston tukikohta, Yli-Ii, kylmä varasto;Ruunatie 14;91200;YLI-II;200;221;578;174;1997;0;0;0;0
667301;Yli-Iin terveysasema;Kirkkokuja 2;91200;YLI-II;727;800;2 845;800;1988;0;0;0;0
667401;Jokirannan palvelukeskus;Paratiisintie 30;91200;YLI-II;2 193;2 395;7 590;2 395;1966;2011;0;0;0
667402;Jokirannan palvelukeskus, jätekatos;Paratiisintie 30;91200;YLI-II;18;19;0;19;2011;0;0;0;0
667501;Päiväkoti Muurahainen;Halametsä 2;91200;YLI-II;300;308;1 215;308;1987;0;0;0;0
667601;Jakun koulu;Jakuntie 85 A 1;91210;JAKKUKYLÄ;1 009;1 017;5 518;1 017;1945;2004;0;0;0
667701;Yli-Iin koulu;Tulisijantie 4;91200;YLI-II;3 822;4 192;18 562;0;1963;2014;2;0;1
667702;Liikuntahalli Vorelli;Tulisijantie 4;91200;YLI-II;1 228;1 354;9 850;1 354;1995;0;0;0;0
667801;Yli-Iin kirjasto;Halametsä 1;91200;YLI-II;708;614;2 750;813;1985;0;0;0;0
667901;Keskuskoulun rivitalo A, Yli-Ii, varhaiskasvatuspalvelut;Tulisijantie 2 A;91200;YLI-II;368;422;1 225;387;1963;0;0;0;0
667902;Keskuskoulun rivitalo B, Yli-Ii;Tulisijantie 2 B;91200;YLI-II;326;387;1 115;338;1963;0;0;0;0
668001;Yli-Iin keskusurheilukentän huoltorakennus;Karjalantie 15;91200;YLI-II;142;163;497;163;1983;0;0;0;0
668002;Yli-Iin keskusurheilukentän huoltorakennus, varasto;Karjalantie 15;91200;YLI-II;83;90;412;85;2001;0;0;0;0
668101;Yli-Iin paloasema;Kirkkotie 1;91200;YLI-II;616;682;2 950;682;1997;0;0;0;0
668201;Kierikkikeskus, päärakennus;Pahkalantie 447;91200;YLI-II;939;1 040;6 450;1 040;2001;0;0;0;0
668202;Kierikkikeskus, kokousrakennus;Pahkalantie 447;91200;YLI-II;103;119;400;119;2004;0;0;0;0
668203;Kierikkikeskus, sauna;Pahkalantie 447;91200;YLI-II;93;113;350;113;2004;0;0;0;0
668204;Kierikkikeskus, varasto;Pahkalantie 447;91200;YLI-II;6;28;80;28;2001;0;0;0;0
668205;Kierikkikeskus, majoitusrakennukset A-D;Pahkalantie 447;91200;YLI-II;395;472;1 520;472;2004;0;0;0;0
668206;Kierikkikeskus, huoltorakennus (majoitus);Pahkalantie 447;91200;YLI-II;91;132;290;132;2000;0;0;0;0
668602;Teollisuushalli 2, Yli-Ii;Ruunatie 2;91200;YLI-II;545;602;2 060;0;1979;0;0;0;0
668701;Myllymetsän rivitalo;Myllymetsä 1;91200;YLI-II;347;391;1 389;391;1980;0;0;0;0
675001;Kunnanvirasto, Ylikiiminki;Harjutie 18;91300;YLIKIIMINKI;1 194;1 382;4 244;1 130;1975;1975;2;1;0
675101;Ylikiimingin paloasema;Metsätalontie 2;91300;YLIKIIMINKI;529;373;1 870;364;1969;1991;0;0;0
675201;Ylikiimingin koulun yläkoulu;Harjutie 17 / Opinkuja 4;91300;YLIKIIMINKI;2 079;2 345;8 540;2 439;2004;0;3;0;0
675202;Ylikiimingin koulun alakoulu;Opinkuja 4;91300;YLIKIIMINKI;2 339;2 637;7 439;2 297;1960;1989;4;0;0
675203;Ylikiimingin koulu, liikuntasali;Koulurinne 1;91300;YLIKIIMINKI;1 476;1 610;9 800;1 471;1989;0;0;0;0
675204;Ylikiimingin koulun kentän huoltorakennus;Opinkuja 4;91300;YLIKIIMINKI;0;0;0;0;1960;0;0;0;0
675205;Ylikiimingin urheilukentän katsomo;Opinkuja 4;91300;YLIKIIMINKI;0;0;0;0;1960;0;0;0;0
675301;Mustikan päiväkoti;Hillikkotie 8;91300;YLIKIIMINKI;249;280;950;278;1985;0;0;0;0
675501;Pikku-Vesaisen päiväkoti;Aittokoskentie 14;91300;YLIKIIMINKI;295;341;1 100;325;2005;0;2;0;0
675601;Vanhainkoti, Päivölä ja Muistola;Vesaisenlinnantie 4;91300;YLIKIIMINKI;1 217;1 413;5 334;1 481;1985;0;0;0;0
675701;Ylikiimingin terveysasema;Vesaisenlinnantie 2;91300;YLIKIIMINKI;844;975;3 340;886;1989;0;0;0;0
675801;Ylikiimingin Yhteistoimintakeskus;Rahikkotie 3;91300;YLIKIIMINKI;875;998;3 040;870;1991;2007;0;0;0
677001;Pylkönaho, hiihtokeskus;Puolangantie 107;91300;YLIKIIMINKI;131;152;463;100;1988;0;0;0;0
677002;Pylkönaho, kuuluttamo;Puolangantie 107;91300;YLIKIIMINKI;34;39;148;0;1984;0;0;0;0
677301;Vesalan monitoimitalo;Valpastie 11;91300;YLIKIIMINKI;2 695;3 045;14 838;2 833;2010;0;0;0;0
677302;Vesalan vanha koulu;Valpastie 11;91300;YLIKIIMINKI;235;272;977;272;1920;2003;0;0;0
688201;Otokylän päiväkoti;Hanhitie 17;90150;OULU;627;672;2 218;672;1980;2011;1;0;0
688202;Otokylän päiväkoti, varasto;Hanhitie 17;90150;OULU;39;42;105;0;1980;0;0;0;0
688203;Otokylän päiväkoti, varasto ja vaunukatos;Hanhitie 17;90150;OULU;25;28;70;0;1996;0;0;0;0
688204;Otokylän päiväkoti, polkupyörä- ja jätekatos;Hanhitie 17;90150;OULU;19;21;55;0;1996;0;0;0;0
693101;Teknologiakylän päiväkoti;Kaitoväylä 8;90570;OULU;621;764;2 291;764;1990;2006;1;0;0
693102;Teknologiakylän päiväkoti, varasto;Kaitoväylä 8;90570;OULU;0;0;0;0;0;0;0;0;0
